Keyword,Intent,Volume,Keyword Difficulty,CPC (USD),SERP Features
what is the price of gas at sam's club,Navigational,210,49,0.00,"AI Overview, Video, People also ask, Related searches"
what's the price of gas at costco,"Navigational, Transactional",210,39,0.00,"Sitelinks, AI Overview, Image, Video, People also ask, Related searches"
what's the price of gas at sam's club,Navigational,210,24,0.00,"Sitelinks, AI Overview, Video, People also ask, Related searches"
what's the average price of gas in california,Navigational,170,37,0.00,"Sitelinks, AI Overview, Video, People also ask, Discussions and forums, Related searches"
what's the price of gas,Transactional,170,76,0.00,"AI Overview, Video, People also ask, Related searches"
what's the average price of gas,Navigational,140,82,0.00,"Video, People also ask, Discussions and forums, Related searches"
what's the price of gas in california,Informational,140,50,0.00,"AI Overview, Video, People also ask, Related searches"
what's the price of natural gas today,Informational,140,86,0.00,"Sitelinks, Instant answer, Video, Related searches"
what's the price of gas at costco's,Transactional,110,25,0.00,"Sitelinks, AI Overview, Image, Video, Related searches"
what's the average price of gas in the united states,Informational,90,,0.00,"Featured snippet, Video, People also ask, Related searches"
what's the price of gas near me,"Navigational, Transactional",90,45,0.00,"Sitelinks, AI Overview, Video, People also ask, Related searches"
what's the price of natural gas,Informational,90,74,2.80,"Instant answer, Video, People also ask, Related searches"
what is the price of gas at sam's club today,Transactional,70,29,0.00,"Video, People also ask, Related searches"
what's the average price of gas in texas,Navigational,70,64,0.00,"Featured snippet, Video, People also ask, Related searches"
what's the price of gas at costco today,"Navigational, Transactional",70,25,0.00,"Video, People also ask, Related searches"
what's the price of gas at sam's,Navigational,70,22,0.00,"AI Overview, Video, Related searches"
what's the price of gas in florida,Transactional,70,38,0.00,"AI Overview, Video, People also ask, Related searches"
what is the price of gas at sam's,Transactional,50,26,0.00,"AI Overview, Video, People also ask, Related searches"
what's the price of gas in texas,Informational,50,39,0.00,"AI Overview, Video, People also ask, Related searches"
what is the price of gas at bj's,"Navigational, Transactional",40,,0.00,"Sitelinks, AI Overview, Related searches"
what is the price of gas at costco's,,30,,0.00,
what's the average price of gas in florida,,30,,0.00,
what's the current price of gas,,30,,0.00,
what's the price of costco gas,,30,,0.00,
what's the price of gas at sam's club today,,30,,0.00,
what's the price of gas today,,30,,0.00,
what is the current price of gas at sam's club,,20,,0.00,
what is the price of bj's gas,,20,,0.00,
what is the price of gas at bj's today,,20,,0.00,
what is the price of gas at bj's wholesale,,20,,0.00,
what is the price of gas at buc-ee's,,20,,0.00,
what is the price of gas at murphy's,,20,,0.00,
what is the price of gas at sam's today,,20,,0.00,
what is the price of gas at woodman's,,20,,0.00,
what is the price of regular gas at sam's club,,20,,0.00,
what is the price of sam's club gas,,20,,0.00,
what is the price of sam's gas,,20,,0.00,
what's the average price of a gallon of gas,,20,,0.00,
what's the average price of gas in alaska,,20,,0.00,
what's the average price of gas in arizona,,20,,0.00,
what's the average price of gas in california right now,,20,,0.00,
what's the average price of gas in canada,,20,,0.00,
what's the average price of gas in georgia,,20,,0.00,
what's the average price of gas in illinois,,20,,0.00,
what's the average price of gas in indiana,,20,,0.00,
what's the average price of gas in michigan,,20,,0.00,
what's the average price of gas in new jersey,,20,,0.00,
what's the average price of gas in new york,,20,,0.00,
what's the average price of gas in ohio,,20,,0.00,
what's the average price of gas in oregon,,20,,0.00,
what's the average price of gas in pennsylvania,,20,,0.00,
what's the average price of gas in south carolina,,20,,0.00,
what's the average price of gas in tennessee,,20,,0.00,
what's the average price of gas in the us,,20,,0.00,
what's the average price of gas in utah,,20,,0.00,
what's the average price of gas in virginia,,20,,0.00,
what's the average price of gas today,,20,,0.00,
what's the current price of gas in california,,20,,0.00,
what's the current price of natural gas,,20,,0.00,
what's the highest price of gas in california,,20,,0.00,
what's the highest price of gas in the united states,,20,,0.00,
what's the price of a gallon of gas,,20,,0.00,
what's the price of a gallon of gas in california,,20,,0.00,
what's the price of bj's gas,,20,,0.00,
what's the price of costco gas right now,,20,,0.00,
what's the price of costco gas today,,20,,0.00,
what's the price of e85 gas,,20,,0.00,
what's the price of gas at,,20,,0.00,
what's the price of gas at bj's,,20,,0.00,
what's the price of gas at bj's today,,20,,0.00,
what's the price of gas at costco right now,,20,,0.00,
what's the price of gas at murphy's,,20,,0.00,
what's the price of gas at sam's club near me,,20,,0.00,
what's the price of gas at sam's club right now,,20,,0.00,
what's the price of gas at sam's today,,20,,0.00,
what's the price of gas at sheetz,,20,,0.00,
what's the price of gas at walmart,,20,,0.00,
what's the price of gas at wawa,,20,,0.00,
what's the price of gas in,,20,,0.00,
what's the price of gas in alaska,,20,,0.00,
what's the price of gas in anchorage alaska,,20,,0.00,
what's the price of gas in arizona,,20,,0.00,
what's the price of gas in australia,,20,,0.00,
what's the price of gas in california right now,,20,,0.00,
what's the price of gas in california today,,20,,0.00,
what's the price of gas in canada,,20,,0.00,
what's the price of gas in chicago,,20,,0.00,
what's the price of gas in china,,20,,0.00,
what's the price of gas in colorado,,20,,0.00,
what's the price of gas in costco,,20,,0.00,
what's the price of gas in dallas texas,,20,,0.00,
what's the price of gas in england,,20,,0.00,
what's the price of gas in europe,,20,,0.00,
what's the price of gas in france,,20,,0.00,
what's the price of gas in georgia,,20,,0.00,
what's the price of gas in germany,,20,,0.00,
what's the price of gas in hawaii,,20,,0.00,
what's the price of gas in henderson kentucky,,20,,0.00,
what's the price of gas in illinois,,20,,0.00,
what's the price of gas in indiana,,20,,0.00,
what's the price of gas in iowa,,20,,0.00,
what's the price of gas in iran,,20,,0.00,
what's the price of gas in kentucky,,20,,0.00,
what's the price of gas in la,,20,,0.00,
what's the price of gas in las vegas,,20,,0.00,
what's the price of gas in las vegas nevada,,20,,0.00,
what's the price of gas in london,,20,,0.00,
what's the price of gas in los angeles,,20,,0.00,
what's the price of gas in los angeles california,,20,,0.00,
what's the price of gas in maryland,,20,,0.00,
what's the price of gas in mexico,,20,,0.00,
what's the price of gas in michigan,,20,,0.00,
what's the price of gas in missouri,,20,,0.00,
what's the price of gas in my area,,20,,0.00,
what's the price of gas in nevada,,20,,0.00,
what's the price of gas in new jersey,,20,,0.00,
what's the price of gas in new mexico,,20,,0.00,
what's the price of gas in new york,,20,,0.00,
what's the price of gas in new york city,,20,,0.00,
what's the price of gas in north carolina,,20,,0.00,
what's the price of gas in ohio,,20,,0.00,
what's the price of gas in oklahoma,,20,,0.00,
what's the price of gas in oregon,,20,,0.00,
what's the price of gas in orlando florida,,20,,0.00,
what's the price of gas in pennsylvania,,20,,0.00,
what's the price of gas in phoenix arizona,,20,,0.00,
what's the price of gas in portland oregon,,20,,0.00,
what's the price of gas in russia,,20,,0.00,
what's the price of gas in sacramento california,,20,,0.00,
what's the price of gas in san diego,,20,,0.00,
what's the price of gas in san francisco,,20,,0.00,
what's the price of gas in san francisco california,,20,,0.00,
what's the price of gas in saudi arabia,,20,,0.00,
what's the price of gas in south carolina,,20,,0.00,
what's the price of gas in tennessee,,20,,0.00,
what's the price of gas in the uk,,20,,0.00,
what's the price of gas in the us,,20,,0.00,
what's the price of gas in toronto,,20,,0.00,
what's the price of gas in utah,,20,,0.00,
what's the price of gas in venezuela,,20,,0.00,
what's the price of gas in virginia,,20,,0.00,
what's the price of gas in washington state,,20,,0.00,
what's the price of gas in west virginia,,20,,0.00,
what's the price of gas in wisconsin,,20,,0.00,
what's the price of gas per gallon in california,,20,,0.00,
what's the price of gas right now,,20,,0.00,
what's the price of lp gas,,20,,0.00,
what's the price of natural gas right now,,20,,0.00,
what's the price of premium gas,,20,,0.00,
what's the price of premium gas at costco,,20,,0.00,
what's the price of propane gas,,20,,0.00,
what's the price of regular gas at costco,,20,,0.00,
what's the price of regular gas at sam's club,,20,,0.00,
what's the price of regular gas in california,,20,,0.00,
what's the price of sam's club gas,,20,,0.00,
what's the price of sam's gas,,20,,0.00,
what is the price of sam's club gas today,,10,,0.00,
what's the average price of gas in north carolina,,10,,0.00,
what's the cause of high gas prices,,10,,0.00,
what's the future of gas prices,,10,,0.00,
what's the highest price of gas in the us,,10,,0.00,
what's the lowest price of gas in the united states,,10,,0.00,
what's the national average price of gas,,10,,0.00,
what's the price of gas at 7-eleven,,10,,0.00,
what's the price of gas at buc-ee's,,10,,0.00,
what's the price of gas at kroger's,,10,,0.00,
what's the price of gas at sheetz today,,10,,0.00,
what's the price of gas in alberta,,10,,0.00,
what's the price of gas in calgary,,10,,0.00,
what's the price of gas in connecticut,,10,,0.00,
what's the price of gas in edmonton,,10,,0.00,
what's the price of gas in montreal,,10,,0.00,
what's the price of gas in newfoundland,,10,,0.00,
what's the price of gas in nova scotia,,10,,0.00,
what's the price of gas in ontario,,10,,0.00,
what's the price of gas in the united states,,10,,0.00,
what's the price of gas in vancouver,,10,,0.00,
what's the price of gas tomorrow,,10,,0.00,
what's the price of regular gas,,10,,0.00,
